{"loss": [1.4035240411758423, 0.5074723362922668, 0.3373851180076599, 0.2511843740940094, 0.19766876101493835, 0.16868214309215546, 0.15059328079223633, 0.12771867215633392, 0.11924067884683609, 0.10997169464826584], "accuracy": [0.5888469815254211, 0.8421509265899658, 0.896777868270874, 0.9223984479904175, 0.9387723207473755, 0.948203980922699, 0.9557721018791199, 0.9634397625923157, 0.9661427140235901, 0.9700547456741333], "val_loss": [0.6127420663833618, 0.3196558654308319, 0.24811136722564697, 0.25186023116111755, 0.17873264849185944, 0.20401856303215027, 0.22069506347179413, 0.19820016622543335, 0.24253347516059875, 0.17777995765209198], "val_accuracy": [0.8040632605552673, 0.8979626893997192, 0.9203847050666809, 0.9238561391830444, 0.9478716254234314, 0.9421238303184509, 0.9422376751899719, 0.949066698551178, 0.9422945380210876, 0.9606191515922546]}